Run,Assay Type,AvgSpotLen,Bases,BioProject,BioSample,Bytes,cell_type,Center Name,Consent,DATASTORE filetype,DATASTORE provider,DATASTORE region,Experiment,GEO_Accession (exp),Instrument,LibraryLayout,LibrarySelection,LibrarySource,Organism,Platform,ReleaseDate,create_date,version,Sample Name,source_name,SRA Study,tissue_lineage,cell_fraction,genetic_tag,treatment,strain,treatment_medium,treatment_length
SRR14530592,RNA-Seq,86,10296597164,PRJNA680481,SAMN19182458,4261826280,enteroendocrine,GEO,public,"run.zq,sra,fastq","gs,s3,ncbi","ncbi.public,gs.us-east1,s3.us-east-1",SRX10875396,GSM5311369,NextSeq 500,PAIRED,cDNA,TRANSCRIPTOMIC,Mus musculus,ILLUMINA,2021-06-30T00:00:00Z,2021-05-15T08:49:00Z,1,GSM5311369,Mouse enteroendocrine cells from the distal section of the intestine.,SRP293782,"Enteroendocrine, intestinal epithelium",Distal intestine,Neurog3Chrono,,C57BL/6,,
SRR14530593,RNA-Seq,86,8628296322,PRJNA680481,SAMN19182457,3582469962,enteroendocrine,GEO,public,"fastq,run.zq,sra","gs,ncbi,s3","ncbi.public,s3.us-east-1,gs.us-east1",SRX10875397,GSM5311370,NextSeq 500,PAIRED,cDNA,TRANSCRIPTOMIC,Mus musculus,ILLUMINA,2021-06-30T00:00:00Z,2021-05-15T08:45:00Z,1,GSM5311370,Mouse enteroendocrine cells from the medial section of the intestine.,SRP293782,"Enteroendocrine, intestinal epithelium",Medial intestine,Neurog3Chrono,,C57BL/6,,
SRR14530594,RNA-Seq,86,6595946730,PRJNA680481,SAMN19182495,2094360003,hTERT RPE-1,GEO,public,"run.zq,fastq,sra","gs,s3,ncbi","s3.us-east-1,gs.us-east1,ncbi.public",SRX10875383,GSM5311356,NextSeq 500,PAIRED,cDNA,TRANSCRIPTOMIC,Homo sapiens,ILLUMINA,2021-06-30T00:00:00Z,2021-05-15T08:25:00Z,1,GSM5311356,Interphase hTERT RPE1 FUCCI cells,SRP293782,"Retina, eye; pigmented epithelium",Interphase cells,Fluorescent Ubiquitination-based Cell-Cycle Indicators (FUCCI),Interphase treatment,,,
SRR14530595,RNA-Seq,86,7301040434,PRJNA680481,SAMN19182493,2415209814,hTERT RPE-1,GEO,public,"sra,run.zq,fastq","ncbi,s3,gs","gs.us-east1,s3.us-east-1,ncbi.public",SRX10875384,GSM5311357,NextSeq 500,PAIRED,cDNA,TRANSCRIPTOMIC,Homo sapiens,ILLUMINA,2021-06-30T00:00:00Z,2021-05-15T08:34:00Z,1,GSM5311357,Interphase hTERT RPE1 FUCCI cells,SRP293782,"Retina, eye; pigmented epithelium",Interphase cells,Fluorescent Ubiquitination-based Cell-Cycle Indicators (FUCCI),Interphase treatment,,,
SRR14530596,RNA-Seq,86,6632581354,PRJNA680481,SAMN19182492,2090401212,hTERT RPE-1,GEO,public,"sra,run.zq,fastq","ncbi,s3,gs","ncbi.public,s3.us-east-1,gs.us-east1",SRX10875385,GSM5311358,NextSeq 500,PAIRED,cDNA,TRANSCRIPTOMIC,Homo sapiens,ILLUMINA,2021-06-30T00:00:00Z,2021-05-15T08:32:00Z,1,GSM5311358,Interphase hTERT RPE1 FUCCI cells,SRP293782,"Retina, eye; pigmented epithelium",Interphase cells,Fluorescent Ubiquitination-based Cell-Cycle Indicators (FUCCI),Interphase treatment,,,
SRR14530597,RNA-Seq,86,6389895976,PRJNA680481,SAMN19182491,2005837983,hTERT RPE-1,GEO,public,"fastq,run.zq,sra","ncbi,gs,s3","gs.us-east1,s3.us-east-1,ncbi.public",SRX10875386,GSM5311359,NextSeq 500,PAIRED,cDNA,TRANSCRIPTOMIC,Homo sapiens,ILLUMINA,2021-06-30T00:00:00Z,2021-05-15T08:28:00Z,1,GSM5311359,Interphase hTERT RPE1 FUCCI cells,SRP293782,"Retina, eye; pigmented epithelium",Interphase cells,Fluorescent Ubiquitination-based Cell-Cycle Indicators (FUCCI),Interphase treatment,,,
SRR14530598,RNA-Seq,86,7855550288,PRJNA680481,SAMN19182466,2655372191,hTERT RPE-1,GEO,public,"run.zq,sra,fastq","gs,s3,ncbi","s3.us-east-1,gs.us-east1,ncbi.public",SRX10875387,GSM5311360,NextSeq 500,PAIRED,cDNA,TRANSCRIPTOMIC,Homo sapiens,ILLUMINA,2021-06-30T00:00:00Z,2021-05-15T08:34:00Z,1,GSM5311360,Interphase hTERT RPE1 FUCCI cells,SRP293782,"Retina, eye; pigmented epithelium",Interphase cells,Fluorescent Ubiquitination-based Cell-Cycle Indicators (FUCCI),Interphase treatment,,,
SRR14530599,RNA-Seq,86,9061187040,PRJNA680481,SAMN19182465,3133129559,hTERT RPE-1,GEO,public,"fastq,sra,run.zq","s3,gs,ncbi","ncbi.public,s3.us-east-1,gs.us-east1",SRX10875388,GSM5311361,NextSeq 500,PAIRED,cDNA,TRANSCRIPTOMIC,Homo sapiens,ILLUMINA,2021-06-30T00:00:00Z,2021-05-15T08:54:00Z,1,GSM5311361,Interphase hTERT RPE1 FUCCI cells,SRP293782,"Retina, eye; pigmented epithelium",Interphase cells,Fluorescent Ubiquitination-based Cell-Cycle Indicators (FUCCI),Interphase treatment,,,
SRR14530600,RNA-Seq,86,8633854846,PRJNA680481,SAMN19182463,2975252622,hTERT RPE-1,GEO,public,"fastq,run.zq,sra","s3,ncbi,gs","ncbi.public,s3.us-east-1,gs.us-east1",SRX10875389,GSM5311362,NextSeq 500,PAIRED,cDNA,TRANSCRIPTOMIC,Homo sapiens,ILLUMINA,2021-06-30T00:00:00Z,2021-05-15T08:48:00Z,1,GSM5311362,Interphase hTERT RPE1 FUCCI cells,SRP293782,"Retina, eye; pigmented epithelium",Interphase cells,Fluorescent Ubiquitination-based Cell-Cycle Indicators (FUCCI),Interphase treatment,,,
SRR14530601,RNA-Seq,86,8193473786,PRJNA680481,SAMN19182490,2847467857,hTERT RPE-1,GEO,public,"sra,fastq,run.zq","gs,ncbi,s3","s3.us-east-1,ncbi.public,gs.us-east1",SRX10875390,GSM5311363,NextSeq 500,PAIRED,cDNA,TRANSCRIPTOMIC,Homo sapiens,ILLUMINA,2021-06-30T00:00:00Z,2021-05-15T08:27:00Z,1,GSM5311363,Interphase hTERT RPE1 FUCCI cells,SRP293782,"Retina, eye; pigmented epithelium",Interphase cells,Fluorescent Ubiquitination-based Cell-Cycle Indicators (FUCCI),Interphase treatment,,,
SRR14530602,RNA-Seq,86,16991761234,PRJNA680481,SAMN19182469,6083277864,enteroendocrine,GEO,public,"fastq,run.zq,sra","gs,s3,ncbi","s3.us-east-1,ncbi.public,gs.us-east1",SRX10875391,GSM5311364,NextSeq 500,PAIRED,cDNA,TRANSCRIPTOMIC,Mus musculus,ILLUMINA,2021-06-30T00:00:00Z,2021-05-14T10:12:00Z,1,GSM5311364,Mouse enteroendocrine cells from the proximal section of the intestine.,SRP293782,"Enteroendocrine, intestinal epithelium",Proximal intestine,Neurog3Chrono,,C57BL/6,,
SRR14530603,RNA-Seq,86,9391586570,PRJNA680481,SAMN19182468,3884296743,enteroendocrine,GEO,public,"fastq,run.zq,sra","ncbi,gs,s3","gs.us-east1,s3.us-east-1,ncbi.public",SRX10875392,GSM5311365,NextSeq 500,PAIRED,cDNA,TRANSCRIPTOMIC,Mus musculus,ILLUMINA,2021-06-30T00:00:00Z,2021-05-15T08:49:00Z,1,GSM5311365,Mouse enteroendocrine cells from the proximal section of the intestine.,SRP293782,"Enteroendocrine, intestinal epithelium",Proximal intestine,Neurog3Chrono,,C57BL/6,,
SRR14530604,RNA-Seq,86,16420618550,PRJNA680481,SAMN19182462,5847445964,enteroendocrine,GEO,public,"sra,fastq,run.zq","gs,s3,ncbi","ncbi.public,gs.us-east1,s3.us-east-1",SRX10875393,GSM5311366,NextSeq 500,PAIRED,cDNA,TRANSCRIPTOMIC,Mus musculus,ILLUMINA,2021-06-30T00:00:00Z,2021-05-14T09:46:00Z,1,GSM5311366,Mouse enteroendocrine cells from the proximal section of the intestine.,SRP293782,"Enteroendocrine, intestinal epithelium",Proximal intestine,Neurog3Chrono,,C57BL/6,,
SRR14530605,RNA-Seq,86,14670118564,PRJNA680481,SAMN19182461,5015941491,enteroendocrine,GEO,public,"sra,fastq,run.zq","gs,s3,ncbi","gs.us-east1,ncbi.public,s3.us-east-1",SRX10875394,GSM5311367,NextSeq 500,PAIRED,cDNA,TRANSCRIPTOMIC,Mus musculus,ILLUMINA,2021-06-30T00:00:00Z,2021-05-14T09:58:00Z,1,GSM5311367,Mouse enteroendocrine cells from the proximal section of the intestine.,SRP293782,"Enteroendocrine, intestinal epithelium",Proximal intestine,Neurog3Chrono,,C57BL/6,,
SRR14530606,RNA-Seq,86,19245601246,PRJNA680481,SAMN19182460,6598543935,enteroendocrine,GEO,public,"run.zq,sra,fastq","ncbi,s3,gs","ncbi.public,s3.us-east-1,gs.us-east1",SRX10875395,GSM5311368,NextSeq 500,PAIRED,cDNA,TRANSCRIPTOMIC,Mus musculus,ILLUMINA,2021-06-30T00:00:00Z,2021-05-14T10:04:00Z,1,GSM5311368,Mouse enteroendocrine cells from the proximal section of the intestine.,SRP293782,"Enteroendocrine, intestinal epithelium",Proximal intestine,Neurog3Chrono,,C57BL/6,,
SRR13125084,RNA-Seq,86,11998487284,PRJNA680481,SAMN16881239,5069307286,HEK293T,GEO,public,"sra,run.zq,fastq","ncbi,gs,s3","s3.us-east-1,ncbi.public,gs.us-east1",SRX9567109,GSM4932420,NextSeq 500,PAIRED,cDNA,TRANSCRIPTOMIC,Homo sapiens,ILLUMINA,2021-06-30T00:00:00Z,2020-11-24T10:05:00Z,1,GSM4932420,"HEK293T cells that were cultured in DMEM that was either complete\, or that had been depleted of Arginine or Leucine for 3 or 6 hours.",SRP293782,embryonic kidney,,,,,"DMEM + 10% Dialized FBS, DMEM + 10% Dialized FBS -Arginine, DMEM + 10% Dialized FBS -Leucine. Specific treatment for each well is defined in HEK293T_Starv_layout.csv.gz.","0, 3, and 6 hours. Specific treatment for each well is defined in HEK293T_Starv_layout.csv.gz."
SRR13125085,RNA-Seq,86,12224913932,PRJNA680481,SAMN16881238,5140964124,HEK293T,GEO,public,"run.zq,fastq,sra","s3,ncbi,gs","gs.us-east1,s3.us-east-1,ncbi.public",SRX9567110,GSM4932421,NextSeq 500,PAIRED,cDNA,TRANSCRIPTOMIC,Homo sapiens,ILLUMINA,2021-06-30T00:00:00Z,2020-11-24T09:57:00Z,1,GSM4932421,"HEK293T cells that were cultured in DMEM that was either complete\, or that had been depleted of Arginine or Leucine for 3 or 6 hours.",SRP293782,embryonic kidney,,,,,"DMEM + 10% Dialized FBS, DMEM + 10% Dialized FBS -Arginine, DMEM + 10% Dialized FBS -Leucine. Specific treatment for each well is defined in HEK293T_Starv_layout.csv.gz.","0, 3, and 6 hours. Specific treatment for each well is defined in HEK293T_Starv_layout.csv.gz."
SRR13125086,RNA-Seq,86,8696613260,PRJNA680481,SAMN16881237,3639782297,HEK293T,GEO,public,"sra,fastq,run.zq","gs,ncbi,s3","ncbi.public,gs.us-east1,s3.us-east-1",SRX9567111,GSM4932422,NextSeq 500,PAIRED,cDNA,TRANSCRIPTOMIC,Homo sapiens,ILLUMINA,2021-06-30T00:00:00Z,2020-11-24T09:36:00Z,1,GSM4932422,HEK293T cells that were cultured in DMEM + 10% FBS,SRP293782,embryonic kidney,,,,,DMEM + 10% FBS,
SRR13125087,RNA-Seq,86,17896517440,PRJNA680481,SAMN16881236,7338703941,hTERT RPE-1,GEO,public,"sra,run.zq,fastq","ncbi,s3,gs","ncbi.public,gs.us-east1,s3.us-east-1",SRX9567112,GSM4932423,NextSeq 500,PAIRED,cDNA,TRANSCRIPTOMIC,Homo sapiens,ILLUMINA,2021-06-30T00:00:00Z,2020-11-24T10:07:00Z,1,GSM4932423,hTERT RPE1 FUCCI cells from either interphase or contact-inhibition G0 fractions.,SRP293782,"Retina, eye; pigmented epithelium",Contact-inhibition G0 and interphase cells. Specific cell fraction for each well is defined in RPE_G0_layout.csv.gz.,Fluorescent Ubiquitination-based Cell-Cycle Indicators (FUCCI),Interphase and G0 treatments,,,
SRR13125088,RNA-Seq,86,9566203292,PRJNA680481,SAMN16881235,4071572786,hTERT RPE-1,GEO,public,"fastq,sra,run.zq","gs,s3,ncbi","gs.us-east1,ncbi.public,s3.us-east-1",SRX9567113,GSM4932424,NextSeq 500,PAIRED,cDNA,TRANSCRIPTOMIC,Homo sapiens,ILLUMINA,2021-06-30T00:00:00Z,2020-11-24T09:42:00Z,1,GSM4932424,hTERT RPE1 FUCCI cells from either interphase or contact-inhibition G0 fractions.,SRP293782,"Retina, eye; pigmented epithelium",Contact-inhibition G0 and interphase cells. Specific cell fraction for each well is defined in RPE_G0_layout.csv.gz.,Fluorescent Ubiquitination-based Cell-Cycle Indicators (FUCCI),Interphase and G0 treatments,,,
SRR13125089,RNA-Seq,86,9388469414,PRJNA680481,SAMN16881234,3987849854,hTERT RPE-1,GEO,public,"sra,run.zq,fastq","ncbi,s3,gs","ncbi.public,gs.us-east1,s3.us-east-1",SRX9567114,GSM4932425,NextSeq 500,PAIRED,cDNA,TRANSCRIPTOMIC,Homo sapiens,ILLUMINA,2021-06-30T00:00:00Z,2020-11-24T09:40:00Z,1,GSM4932425,hTERT RPE1 FUCCI cells from either interphase or mitotic shake-off fractions.,SRP293782,"Retina, eye; pigmented epithelium",Mitotic shake-off and interphase cells. Specific cell fraction for each well is defined in RPE_Mit_layout.csv.gz,Fluorescent Ubiquitination-based Cell-Cycle Indicators (FUCCI),Interphase and Mitotic treatments,,,
SRR13125090,RNA-Seq,86,9997673892,PRJNA680481,SAMN16881233,4224121419,hTERT RPE-1,GEO,public,"run.zq,fastq,sra","s3,ncbi,gs","gs.us-east1,ncbi.public,s3.us-east-1",SRX9567115,GSM4932426,NextSeq 500,PAIRED,cDNA,TRANSCRIPTOMIC,Homo sapiens,ILLUMINA,2021-06-30T00:00:00Z,2020-11-24T09:38:00Z,1,GSM4932426,hTERT RPE1 FUCCI cells from either interphase or mitotic shake-off fractions.,SRP293782,"Retina, eye; pigmented epithelium",Mitotic shake-off and interphase cells. Specific cell fraction for each well is defined in RPE_Mit_layout.csv.gz,Fluorescent Ubiquitination-based Cell-Cycle Indicators (FUCCI),Interphase and Mitotic treatments,,,
SRR13125091,RNA-Seq,86,12928123290,PRJNA680481,SAMN16881232,5287676919,hTERT RPE-1,GEO,public,"fastq,run.zq,sra","s3,gs,ncbi","s3.us-east-1,ncbi.public,gs.us-east1",SRX9567116,GSM4932427,NextSeq 500,PAIRED,cDNA,TRANSCRIPTOMIC,Homo sapiens,ILLUMINA,2021-06-30T00:00:00Z,2020-11-24T10:01:00Z,1,GSM4932427,hTERT RPE1 FUCCI cells from either interphase or mitotic shake-off fractions.,SRP293782,"Retina, eye; pigmented epithelium",Mitotic shake-off and interphase cells. Specific cell fraction for each well is defined in RPE_Mit_layout.csv.gz,Fluorescent Ubiquitination-based Cell-Cycle Indicators (FUCCI),Interphase and Mitotic treatments,,,
SRR13125092,RNA-Seq,86,8828905942,PRJNA680481,SAMN16881231,3842147469,hTERT RPE-1,GEO,public,"sra,fastq,run.zq","ncbi,gs,s3","ncbi.public,s3.us-east-1,gs.us-east1",SRX9567117,GSM4932428,NextSeq 500,PAIRED,cDNA,TRANSCRIPTOMIC,Homo sapiens,ILLUMINA,2021-06-30T00:00:00Z,2020-11-24T09:34:00Z,1,GSM4932428,hTERT RPE1 FUCCI cells from either interphase or mitotic shake-off fractions.,SRP293782,"Retina, eye; pigmented epithelium",Mitotic shake-off and interphase cells. Specific cell fraction for each well is defined in RPE_Mit_layout.csv.gz,Fluorescent Ubiquitination-based Cell-Cycle Indicators (FUCCI),Interphase and Mitotic treatments,,,
SRR13125093,RNA-Seq,86,9404223410,PRJNA680481,SAMN16881230,4065761063,hTERT RPE-1,GEO,public,"run.zq,fastq,sra","ncbi,s3,gs","s3.us-east-1,ncbi.public,gs.us-east1",SRX9567118,GSM4932429,NextSeq 500,PAIRED,cDNA,TRANSCRIPTOMIC,Homo sapiens,ILLUMINA,2021-06-30T00:00:00Z,2020-11-24T09:39:00Z,1,GSM4932429,hTERT RPE1 FUCCI cells from either interphase or mitotic shake-off fractions.,SRP293782,"Retina, eye; pigmented epithelium",Mitotic shake-off and interphase cells. Specific cell fraction for each well is defined in RPE_Mit_layout.csv.gz,Fluorescent Ubiquitination-based Cell-Cycle Indicators (FUCCI),Interphase and Mitotic treatments,,,
SRR13125094,RNA-Seq,86,8745532640,PRJNA680481,SAMN16881229,3682504048,hTERT RPE-1,GEO,public,"sra,fastq,run.zq","gs,s3,ncbi","s3.us-east-1,ncbi.public,gs.us-east1",SRX9567119,GSM4932430,NextSeq 500,PAIRED,cDNA,TRANSCRIPTOMIC,Homo sapiens,ILLUMINA,2021-06-30T00:00:00Z,2020-11-24T09:23:00Z,1,GSM4932430,hTERT RPE1 FUCCI cells from either interphase or mitotic shake-off fractions.,SRP293782,"Retina, eye; pigmented epithelium",Mitotic shake-off and interphase cells. Specific cell fraction for each well is defined in RPE_Mit_layout.csv.gz,Fluorescent Ubiquitination-based Cell-Cycle Indicators (FUCCI),Interphase and Mitotic treatments,,,
SRR13125095,RNA-Seq,86,8960417486,PRJNA680481,SAMN16881250,3775404452,hTERT RPE-1,GEO,public,"sra,fastq,run.zq","ncbi,s3,gs","s3.us-east-1,ncbi.public,gs.us-east1",SRX9567120,GSM4932431,NextSeq 500,PAIRED,cDNA,TRANSCRIPTOMIC,Homo sapiens,ILLUMINA,2021-06-30T00:00:00Z,2020-11-24T09:34:00Z,1,GSM4932431,hTERT RPE1 FUCCI cells from either interphase or mitotic shake-off fractions.,SRP293782,"Retina, eye; pigmented epithelium",Mitotic shake-off and interphase cells. Specific cell fraction for each well is defined in RPE_Mit_layout.csv.gz,Fluorescent Ubiquitination-based Cell-Cycle Indicators (FUCCI),Interphase and Mitotic treatments,,,
SRR13125096,RNA-Seq,86,4066265244,PRJNA680481,SAMN16881249,1442373001,hTERT RPE-1,GEO,public,"fastq,run.zq,sra","gs,s3,ncbi","ncbi.public,gs.us-east1,s3.us-east-1",SRX9567121,GSM4932432,NextSeq 500,PAIRED,cDNA,TRANSCRIPTOMIC,Homo sapiens,ILLUMINA,2021-06-30T00:00:00Z,2020-11-24T09:13:00Z,1,GSM4932432,Interphase hTERT RPE1 FUCCI cells,SRP293782,"Retina, eye; pigmented epithelium",Interphase cells,Fluorescent Ubiquitination-based Cell-Cycle Indicators (FUCCI),Interphase treatment,,,
SRR13125097,RNA-Seq,86,4351333400,PRJNA680481,SAMN16881248,1529879980,hTERT RPE-1,GEO,public,"sra,fastq,run.zq","gs,s3,ncbi","ncbi.public,s3.us-east-1,gs.us-east1",SRX9567122,GSM4932433,NextSeq 500,PAIRED,cDNA,TRANSCRIPTOMIC,Homo sapiens,ILLUMINA,2021-06-30T00:00:00Z,2020-11-24T09:14:00Z,1,GSM4932433,Interphase hTERT RPE1 FUCCI cells,SRP293782,"Retina, eye; pigmented epithelium",Interphase cells,Fluorescent Ubiquitination-based Cell-Cycle Indicators (FUCCI),Interphase treatment,,,
SRR13125098,RNA-Seq,86,3901240188,PRJNA680481,SAMN16881247,1382414785,hTERT RPE-1,GEO,public,"fastq,sra,run.zq","gs,s3,ncbi","s3.us-east-1,ncbi.public,gs.us-east1",SRX9567123,GSM4932434,NextSeq 500,PAIRED,cDNA,TRANSCRIPTOMIC,Homo sapiens,ILLUMINA,2021-06-30T00:00:00Z,2020-11-24T09:11:00Z,1,GSM4932434,Interphase hTERT RPE1 FUCCI cells,SRP293782,"Retina, eye; pigmented epithelium",Interphase cells,Fluorescent Ubiquitination-based Cell-Cycle Indicators (FUCCI),Interphase treatment,,,
SRR13125099,RNA-Seq,86,2433272046,PRJNA680481,SAMN16881246,947367425,hTERT RPE-1,GEO,public,"sra,run.zq,fastq","ncbi,gs,s3","gs.us-east1,ncbi.public,s3.us-east-1",SRX9567124,GSM4932435,NextSeq 500,PAIRED,cDNA,TRANSCRIPTOMIC,Homo sapiens,ILLUMINA,2021-06-30T00:00:00Z,2020-11-24T09:06:00Z,1,GSM4932435,Interphase hTERT RPE1 FUCCI cells,SRP293782,"Retina, eye; pigmented epithelium",Interphase cells,Fluorescent Ubiquitination-based Cell-Cycle Indicators (FUCCI),Interphase treatment,,,
SRR13125100,RNA-Seq,86,1286859624,PRJNA680481,SAMN16881245,433686779,hTERT RPE-1,GEO,public,"sra,run.zq,fastq","ncbi,gs,s3","s3.us-east-1,ncbi.public,gs.us-east1",SRX9567125,GSM4932436,NextSeq 500,PAIRED,cDNA,TRANSCRIPTOMIC,Homo sapiens,ILLUMINA,2021-06-30T00:00:00Z,2020-11-24T09:02:00Z,1,GSM4932436,Interphase hTERT RPE1 FUCCI cells,SRP293782,"Retina, eye; pigmented epithelium",Interphase cells,Fluorescent Ubiquitination-based Cell-Cycle Indicators (FUCCI),Interphase treatment,,,
SRR13125101,RNA-Seq,86,1301185934,PRJNA680481,SAMN16881244,434012458,hTERT RPE-1,GEO,public,"run.zq,fastq,sra","s3,ncbi,gs","ncbi.public,gs.us-east1,s3.us-east-1",SRX9567126,GSM4932437,NextSeq 500,PAIRED,cDNA,TRANSCRIPTOMIC,Homo sapiens,ILLUMINA,2021-06-30T00:00:00Z,2020-11-24T09:01:00Z,1,GSM4932437,Interphase hTERT RPE1 FUCCI cells,SRP293782,"Retina, eye; pigmented epithelium",Interphase cells,Fluorescent Ubiquitination-based Cell-Cycle Indicators (FUCCI),Interphase treatment,,,
SRR13125102,RNA-Seq,86,1734671428,PRJNA680481,SAMN16881243,571656747,hTERT RPE-1,GEO,public,"sra,fastq,run.zq","s3,gs,ncbi","ncbi.public,s3.us-east-1,gs.us-east1",SRX9567127,GSM4932438,NextSeq 500,PAIRED,cDNA,TRANSCRIPTOMIC,Homo sapiens,ILLUMINA,2021-06-30T00:00:00Z,2020-11-24T09:04:00Z,1,GSM4932438,Interphase hTERT RPE1 FUCCI cells,SRP293782,"Retina, eye; pigmented epithelium",Interphase cells,Fluorescent Ubiquitination-based Cell-Cycle Indicators (FUCCI),Interphase treatment,,,
SRR13125103,RNA-Seq,86,2297185474,PRJNA680481,SAMN16881242,1029673775,hTERT RPE-1,GEO,public,"sra,fastq,run.zq","s3,gs,ncbi","s3.us-east-1,gs.us-east1,ncbi.public",SRX9567128,GSM4932439,NextSeq 500,PAIRED,cDNA,TRANSCRIPTOMIC,Homo sapiens,ILLUMINA,2021-06-30T00:00:00Z,2020-11-24T09:06:00Z,1,GSM4932439,Interphase hTERT RPE1 FUCCI cells,SRP293782,"Retina, eye; pigmented epithelium",Interphase cells,Fluorescent Ubiquitination-based Cell-Cycle Indicators (FUCCI),Interphase treatment,,,
SRR13125104,RNA-Seq,86,2115220310,PRJNA680481,SAMN16881241,949784520,hTERT RPE-1,GEO,public,"run.zq,fastq,sra","ncbi,gs,s3","gs.us-east1,ncbi.public,s3.us-east-1",SRX9567129,GSM4932440,NextSeq 500,PAIRED,cDNA,TRANSCRIPTOMIC,Homo sapiens,ILLUMINA,2021-06-30T00:00:00Z,2020-11-24T09:04:00Z,1,GSM4932440,Interphase hTERT RPE1 FUCCI cells,SRP293782,"Retina, eye; pigmented epithelium",Interphase cells,Fluorescent Ubiquitination-based Cell-Cycle Indicators (FUCCI),Interphase treatment,,,
SRR13125105,RNA-Seq,86,2055706934,PRJNA680481,SAMN16881240,924528336,hTERT RPE-1,GEO,public,"run.zq,sra,fastq","ncbi,s3,gs","gs.us-east1,ncbi.public,s3.us-east-1",SRX9567130,GSM4932441,NextSeq 500,PAIRED,cDNA,TRANSCRIPTOMIC,Homo sapiens,ILLUMINA,2021-06-30T00:00:00Z,2020-11-24T09:04:00Z,1,GSM4932441,Interphase hTERT RPE1 FUCCI cells,SRP293782,"Retina, eye; pigmented epithelium",Interphase cells,Fluorescent Ubiquitination-based Cell-Cycle Indicators (FUCCI),Interphase treatment,,,
